id,species_group,species_kr,species_en,species_sci,location_tag,total_records,valid_records,sampled_points,start_date,end_date,duration_days,total_distance_km,max_displacement_km,max_speed_kmh,avg_speed_kmh,min_lat,max_lat,min_lon,max_lon,migration_type
ku2601,cormorant,민물가마우지,Great Cormorant,Phalacrocorax carbo,괴산군/대전,2099,1965,655,2026-05-21,2026-07-14,54.0,484.0,73.9,93.0,1.7,36.285,36.9481,127.0333,127.9706,지역 수계 분산 (Regional Dispersal)
ku2603,cormorant,민물가마우지,Great Cormorant,Phalacrocorax carbo,괴산군/대전,704,671,671,2026-05-27,2026-06-23,27.1,243.3,73.4,93.0,0.9,36.4278,36.9436,127.3906,127.9706,지역 수계 분산 (Regional Dispersal)
ku2604,cormorant,민물가마우지,Great Cormorant,Phalacrocorax carbo,괴산군/대전,13198,13165,1317,2026-05-27,2026-09-11,107.0,1245.6,116.0,78.0,0.8,36.3823,36.9439,127.3928,128.6888,지역 수계 분산 (Regional Dispersal)
ku2602,cormorant,민물가마우지,Great Cormorant,Phalacrocorax carbo,괴산군/대전,1113,1077,1077,2026-05-27,2026-08-27,92.0,373.8,73.4,92.0,0.3,36.4279,36.9439,127.3928,127.9706,지역 수계 분산 (Regional Dispersal)
ku2605,cormorant,민물가마우지,Great Cormorant,Phalacrocorax carbo,괴산군/대전,1092,976,976,2026-05-27,2026-07-30,64.0,438.5,73.4,92.0,0.8,36.3712,36.9439,127.3837,127.9706,지역 수계 분산 (Regional Dispersal)
ku2606,magpie,까치,Oriental Magpie,Pica sericea,충주,245,224,224,2026-07-20,2026-09-11,53.1,132.4,74.2,11.0,0.4,36.4285,36.9584,127.3928,127.9122,지역 수계 분산 (Regional Dispersal)
ku2506,magpie,까치,Oriental Magpie,Pica sericea,충주,320,304,304,2025-06-24,2025-08-31,67.7,147.7,5.7,33.0,1.3,36.9632,37.0218,127.8902,127.9669,국지적 텃새 (Local Resident)
ku2505,magpie,까치,Oriental Magpie,Pica sericea,충주,419,156,156,2025-06-24,2025-09-27,94.7,81.0,2.7,30.0,2.8,36.9537,36.9853,127.9383,127.97,국지적 텃새 (Local Resident)
ku2504,magpie,까치,Oriental Magpie,Pica sericea,충주,141,53,53,2025-06-05,2025-06-19,13.7,5.4,1.6,13.0,2.5,36.9641,36.976,127.9557,127.9678,국지적 텃새 (Local Resident)
ku2503,magpie,까치,Oriental Magpie,Pica sericea,충주,315,239,239,2025-04-16,2025-05-09,22.5,11.9,0.3,40.0,2.4,37.0543,37.0572,127.8694,127.8726,국지적 텃새 (Local Resident)
ku2501,magpie,까치,Oriental Magpie,Pica sericea,충주,398,337,337,2025-04-16,2025-05-02,16.0,10.8,0.8,53.0,1.7,37.0232,37.0295,127.9214,127.9261,국지적 텃새 (Local Resident)
ku2502,magpie,까치,Oriental Magpie,Pica sericea,충주,302,275,275,2025-04-17,2025-05-09,22.1,47.1,0.9,52.0,1.9,37.0487,37.0587,127.8687,127.8767,국지적 텃새 (Local Resident)
ke2411,swan,큰고니,Whooper Swan,Cygnus cygnus,을숙도,12559,12556,1256,2024-12-17,2026-04-24,493.0,10574.7,1953.9,147.0,2.1,34.9957,52.6745,127.5143,133.0958,대륙간 장거리 철새 (Transcontinental)
ke2424,swan,큰고니,Whooper Swan,Cygnus cygnus,을숙도,7322,7321,1221,2024-12-17,2026-04-13,482.0,9420.9,1956.2,103.0,1.3,35.0153,52.6791,123.2685,132.7379,대륙간 장거리 철새 (Transcontinental)
ke2421,swan,큰고니,Whooper Swan,Cygnus cygnus,을숙도,12792,12792,1280,2024-12-17,2026-04-17,485.7,10005.1,2003.8,134.0,3.3,34.6087,50.229,115.2489,128.98,대륙간 장거리 철새 (Transcontinental)
ke2407,swan,큰고니,Whooper Swan,Cygnus cygnus,을숙도,17054,17054,1219,2024-12-17,2026-09-12,633.7,10253.1,1772.7,128.0,2.3,35.0602,49.0671,118.4591,128.9797,대륙간 장거리 철새 (Transcontinental)
ke2406,swan,큰고니,Whooper Swan,Cygnus cygnus,을숙도,2413,2003,668,2024-12-17,2025-03-10,82.9,1055.0,746.3,67.0,0.6,35.0624,39.9791,123.1196,128.9407,지역 수계 분산 (Regional Dispersal)
ke2401,swan,큰고니,Whooper Swan,Cygnus cygnus,을숙도,3544,3543,1772,2024-12-17,2025-04-27,131.0,3481.6,1805.4,123.0,3.9,35.0517,48.7588,117.0134,128.9658,대륙간 장거리 철새 (Transcontinental)
ke2412,swan,큰고니,Whooper Swan,Cygnus cygnus,을숙도,5978,5978,1495,2024-12-17,2025-07-22,216.7,3304.3,1678.9,130.0,1.9,35.0557,49.35,126.3716,135.9251,대륙간 장거리 철새 (Transcontinental)
ke2405,swan,큰고니,Whooper Swan,Cygnus cygnus,을숙도,10767,10766,1346,2024-12-17,2026-04-04,472.7,12279.5,2826.9,121.0,2.7,35.0525,55.9356,107.4301,128.9898,대륙간 장거리 철새 (Transcontinental)
ke2423,swan,큰고니,Whooper Swan,Cygnus cygnus,을숙도,13645,13645,1241,2024-12-17,2026-04-27,496.0,13706.3,2006.2,123.0,3.8,34.4189,50.4743,115.1944,128.9797,대륙간 장거리 철새 (Transcontinental)
ke2402,swan,큰고니,Whooper Swan,Cygnus cygnus,을숙도,8505,8505,1215,2024-12-17,2025-11-02,320.2,6278.2,2357.9,102.0,2.5,35.0489,47.6765,105.6116,128.9588,대륙간 장거리 철새 (Transcontinental)
ke2403,swan,큰고니,Whooper Swan,Cygnus cygnus,을숙도,11263,11263,1252,2024-12-17,2026-03-14,452.0,11968.9,3384.4,119.0,2.5,35.0573,65.4318,117.8758,128.9553,대륙간 장거리 철새 (Transcontinental)
ke2422,swan,큰고니,Whooper Swan,Cygnus cygnus,을숙도,16009,16001,1231,2024-12-17,2026-09-12,633.7,11089.4,2058.5,153.0,2.4,35.0555,49.4049,112.0658,128.9639,대륙간 장거리 철새 (Transcontinental)
ke2404,swan,큰고니,Whooper Swan,Cygnus cygnus,을숙도,3203,3203,1602,2024-12-17,2025-04-15,119.0,3031.0,1801.6,126.0,4.4,35.0558,48.6761,116.8867,128.9529,대륙간 장거리 철새 (Transcontinental)
ke2425,swan,큰고니,Whooper Swan,Cygnus cygnus,을숙도,5123,4344,1448,2024-12-17,2025-05-29,162.6,4333.5,2303.2,135.0,4.0,35.0625,49.6246,106.9776,129.0179,대륙간 장거리 철새 (Transcontinental)
ke2409,swan,큰고니,Whooper Swan,Cygnus cygnus,을숙도,2658,1909,637,2024-12-17,2025-03-03,76.0,1060.5,736.5,83.0,2.6,35.0674,40.1765,123.56,128.9413,지역 수계 분산 (Regional Dispersal)
ke2410,swan,큰고니,Whooper Swan,Cygnus cygnus,을숙도,14634,14633,1220,2024-12-17,2026-04-29,498.0,6766.4,2137.7,130.0,1.9,35.0758,49.318,111.0832,128.9737,대륙간 장거리 철새 (Transcontinental)
ke2408,swan,큰고니,Whooper Swan,Cygnus cygnus,을숙도,3006,3006,1503,2024-12-17,2025-04-08,112.0,3142.1,1801.2,123.0,4.8,35.0612,48.6969,116.9871,128.9541,대륙간 장거리 철새 (Transcontinental)
ke2419,duck,청둥오리,Mallard,Anas platyrhynchos,을숙도,1745,1727,864,2024-12-19,2025-03-27,97.9,314.2,5.5,71.0,0.3,35.0514,35.1394,128.9309,128.9583,국지적 텃새 (Local Resident)
ke2416,duck,흰뺨검둥오리,Spot-billed Duck,Anas zonorhyncha,대저생태공원,170,168,168,2024-12-18,2024-12-26,8.1,23.2,7.6,7.0,0.3,35.0767,35.1434,128.9333,128.9504,국지적 텃새 (Local Resident)
ke2414,duck,청둥오리,Mallard,Anas platyrhynchos,대저생태공원,529,521,521,2024-12-18,2025-02-02,45.8,184.0,13.2,79.0,0.9,35.0946,35.2577,128.9354,129.0532,국지적 텃새 (Local Resident)
ke2413,duck,청둥오리,Mallard,Anas platyrhynchos,대저생태공원,189,189,189,2024-12-18,2024-12-26,7.8,19.5,7.0,3.0,0.2,35.0946,35.1624,128.9394,128.9657,국지적 텃새 (Local Resident)
ke2418,duck,청둥오리,Mallard,Anas platyrhynchos,을숙도,754,746,746,2024-12-19,2025-03-22,93.0,259.6,12.9,76.0,0.4,35.0662,35.2073,128.8398,128.9665,국지적 텃새 (Local Resident)
ke2415,duck,흰뺨검둥오리,Spot-billed Duck,Anas zonorhyncha,대저생태공원,1090,1087,1087,2024-12-18,2025-02-26,69.8,275.2,23.1,108.0,0.4,35.0865,35.2664,128.7307,129.0112,국지적 텃새 (Local Resident)
ke2417,duck,청둥오리,Mallard,Anas platyrhynchos,을숙도,1835,1832,611,2024-12-19,2025-04-10,112.0,938.5,288.2,98.0,0.7,35.0903,37.5797,127.9813,128.9695,지역 수계 분산 (Regional Dispersal)
ke2420,duck,청둥오리,Mallard,Anas platyrhynchos,을숙도,602,599,599,2024-12-19,2025-03-31,102.0,95.6,5.3,18.0,0.1,35.0835,35.1378,128.9366,128.9542,국지적 텃새 (Local Resident)
